OID,OBJECTID,ZIP,ZIPCODE,COUNTY,ZIP_TYPE,PREFERRED_,FEATURE_SO,POINT_X,POINT_Y
-1,58,98001,98001,33,Standard,AUBURN,Polygon Centroid,-122.265562276000000,47.308933080600000
-1,59,98002,98002,33,Standard,AUBURN,Polygon Centroid,-122.215606353000000,47.308065967900000
-1,60,98003,98003,33,Standard,FEDERAL WAY,Polygon Centroid,-122.314593527000000,47.306604660000000
-1,61,98004,98004,33,Standard,BELLEVUE,Polygon Centroid,-122.203214000000000,47.619114255500000
-1,62,98005,98005,33,Standard,BELLEVUE,Polygon Centroid,-122.167535512000000,47.616825548800000
-1,63,98006,98006,33,Standard,EASTGATE,Polygon Centroid,-122.147775272000000,47.560613420800000
-1,64,98007,98007,33,Standard,BELLEVUE,Polygon Centroid,-122.143779095000000,47.617308910600000
-1,65,98008,98008,33,Standard,BELLEVUE,Polygon Centroid,-122.117309644000000,47.607556260400000
-1,2,98009,98009,33,PO Box,BELLEVUE,Placed Point,-122.202454357000000,47.620601262900000
-1,66,98010,98010,33,Standard,BLACK DIAMOND,Polygon Centroid,-121.997731479000000,47.315874742500000
-1,67,98011,98011,33,Standard,BOTHELL,Polygon Centroid,-122.198564725000000,47.757223601800000
-1,23,98013,98013,53,PO Box,BURTON,Placed Point,-122.465592248000000,47.390200293600000
-1,69,98014,98014,33,Standard,CARNATION,Polygon Centroid,-121.882593912000000,47.658230530200000
-1,3,98015,98015,33,PO Box,BELLEVUE,Placed Point,-122.186795283000000,47.611861281900000
-1,70,98019,98019,33,Standard,DUVALL,Polygon Centroid,-121.787823561000000,47.734718992000000
-1,73,98022,98022,33,Standard,ENUMCLAW,Polygon Centroid,-121.708381123000000,47.246207505300000
-1,75,98023,98023,33,Standard,FEDERAL WAY,Polygon Centroid,-122.362260547000000,47.308647348600000
-1,76,98024,98024,33,Standard,FALL CITY,Polygon Centroid,-121.779480467000000,47.658294966700000
-1,4,98025,98025,33,PO Box,HOBART,Placed Point,-121.972726334000000,47.419935343800000
-1,78,98027,98027,33,Standard,ISSAQUAH,Polygon Centroid,-121.996258406000000,47.503467943300000
-1,79,98028,98028,33,Standard,KENMORE,Polygon Centroid,-122.245828072000000,47.753054575800000
-1,80,98029,98029,33,Standard,ISSAQUAH,Polygon Centroid,-122.007612855000000,47.558198819700000
-1,81,98030,98030,33,Standard,KENT,Polygon Centroid,-122.197163790000000,47.368265359000000
-1,82,98031,98031,33,Standard,KENT,Polygon Centroid,-122.196294533000000,47.406989893300000
-1,83,98032,98032,33,Standard,KENT,Polygon Centroid,-122.259609720000000,47.391987140900000
-1,84,98033,98033,33,Standard,KIRKLAND,Polygon Centroid,-122.186746076000000,47.675783736200000
-1,85,98034,98034,33,Standard,KIRKLAND,Polygon Centroid,-122.205254488000000,47.718349246100000
-1,5,98035,98035,33,PO Box,KENT,Placed Point,-122.234415792000000,47.380592394800000
-1,88,98038,98038,33,Standard,MAPLE VALLEY,Polygon Centroid,-121.888472727000000,47.423325158000000
-1,89,98039,98039,33,Standard,MEDINA,Polygon Centroid,-122.233723423000000,47.625551486700000
-1,90,98040,98040,33,Standard,MERCER ISLAND,Polygon Centroid,-122.226559992000000,47.562588368500000
-1,6,98041,98041,33,PO Box,BOTHELL,Placed Point,-122.199724352000000,47.761149872300000
-1,91,98042,98042,33,Standard,KENT,Polygon Centroid,-122.115661607000000,47.362833743000000
-1,93,98045,98045,33,Standard,NORTH BEND,Polygon Centroid,-121.593244128000000,47.437031701100000
-1,94,98047,98047,33,Standard,PACIFIC,Polygon Centroid,-122.247805665000000,47.265164476900000
-1,52,98048,98048,33,Former,PALMER,Placed Point,-121.892367565000000,47.314408046400000
-1,7,98050,98050,33,PO Box,PRESTON,Placed Point,-121.935435073000000,47.525299168100000
-1,96,98051,98051,33,Standard,RAVENSDALE,Polygon Centroid,-121.908326892000000,47.339184118700000
-1,97,98052,98052,33,Standard,REDMOND,Polygon Centroid,-122.121936721000000,47.682333166500000
-1,98,98053,98053,33,Standard,REDMOND,Polygon Centroid,-122.021480578000000,47.667417673100000
-1,25,98054,98054,33,Former,REDONDO,Placed Point,-122.322341059000000,47.348920446500000
-1,99,98055,98055,33,Standard,RENTON,Polygon Centroid,-122.202384506000000,47.447880216800000
-1,100,98056,98056,33,Standard,RENTON,Polygon Centroid,-122.183719835000000,47.512227311600000
-1,101,98057,98057,33,Standard,RENTON,Polygon Centroid,-122.220028933000000,47.472850599600000
-1,102,98058,98058,33,Standard,RENTON,Polygon Centroid,-122.124148414000000,47.439723207700000
-1,103,98059,98059,33,Standard,RENTON,Polygon Centroid,-122.125525539000000,47.498959825500000
-1,8,98062,98062,33,PO Box,SEAHURST,Placed Point,-122.361610250000000,47.466936901400000
-1,9,98063,98063,33,PO Box,FEDERAL WAY,Placed Point,-122.314201649000000,47.307127778800000
-1,10,98064,98064,33,PO Box,KENT,Placed Point,-122.199165066000000,47.387373098600000
-1,104,98065,98065,33,Standard,SNOQUALMIE,Polygon Centroid,-121.766553797000000,47.549645535600000
-1,106,98070,98070,33,Standard,VASHON,Polygon Centroid,-122.491215406000000,47.416832279400000
-1,11,98071,98071,33,PO Box,AUBURN,Placed Point,-122.230054053000000,47.310481879200000
-1,107,98072,98072,33,Standard,WOODINVILLE,Polygon Centroid,-122.128396441000000,47.748962444700000
-1,27,98073,98073,33,PO Box,REDMOND,Placed Point,-122.094660731000000,47.669800572500000
-1,109,98074,98074,33,Standard,SAMMAMISH,Polygon Centroid,-122.033625173000000,47.621415358600000
-1,110,98075,98075,33,Standard,SAMMAMIISH,Polygon Centroid,-122.051908396000000,47.585678435700000
-1,111,98077,98077,33,Standard,WOODINVILLE,Polygon Centroid,-122.050876162000000,47.747021735800000
-1,12,98083,98083,33,PO Box,KIRKLAND,Placed Point,-122.194421234000000,47.678518512600000
-1,29,98089,98089,33,PO Box,KENT,Placed Point,-122.294394652000000,47.391504360100000
-1,114,98092,98092,33,Standard,AUBURN,Polygon Centroid,-122.126413618000000,47.289248256700000
-1,13,98093,98093,33,PO Box,FEDERAL WAY,Placed Point,-122.357513187000000,47.300153003700000
-1,116,98101,98101,33,Standard,SEATTLE,Polygon Centroid,-122.334392894000000,47.611480387800000
-1,117,98102,98102,33,Standard,SEATTLE,Polygon Centroid,-122.322856010000000,47.636265959600000
-1,118,98103,98103,33,Standard,SEATTLE,Polygon Centroid,-122.342561042000000,47.673715257200000
-1,119,98104,98104,33,Standard,SEATTLE,Polygon Centroid,-122.328405278000000,47.602110414400000
-1,120,98105,98105,33,Standard,SEATTLE,Polygon Centroid,-122.310267829000000,47.667636243400000
-1,121,98106,98106,33,Standard,WHITE CENTER,Polygon Centroid,-122.352957171000000,47.542166791200000
-1,122,98107,98107,33,Standard,SEATTLE,Polygon Centroid,-122.377019227000000,47.667524713300000
-1,123,98108,98108,33,Standard,SEATTLE,Polygon Centroid,-122.312484645000000,47.540958617400000
-1,124,98109,98109,33,Standard,SEATTLE,Polygon Centroid,-122.344481417000000,47.631686404700000
-1,30,98111,98111,33,PO Box,SEATTLE,Placed Point,-122.336415741000000,47.608716496700000
-1,126,98112,98112,33,Standard,SEATTLE,Polygon Centroid,-122.297653099000000,47.631863121900000
-1,31,98113,98113,33,PO Box,SEATTLE,Placed Point,-122.354884658000000,47.689368564500000
-1,32,98114,98114,33,PO Box,SEATTLE,Placed Point,-122.326089707000000,47.598626646800000
-1,127,98115,98115,33,Standard,LAKE FOREST PARK,Polygon Centroid,-122.292667384000000,47.685429938600000
-1,128,98116,98116,33,Standard,SEATTLE,Polygon Centroid,-122.394647407000000,47.573916489700000
-1,129,98117,98117,33,Standard,SEATTLE,Polygon Centroid,-122.380867918000000,47.688164601100000
-1,130,98118,98118,33,Standard,SEATTLE,Polygon Centroid,-122.274620730000000,47.539767813500000
-1,131,98119,98119,33,Standard,SEATTLE,Polygon Centroid,-122.370246027000000,47.639641740600000
-1,132,98121,98121,33,Standard,SEATTLE,Polygon Centroid,-122.346899507000000,47.615231755300000
-1,133,98122,98122,33,Standard,SEATTLE,Polygon Centroid,-122.303153592000000,47.610493049800000
-1,14,98124,98124,33,PO Box,SEATTLE,Placed Point,-122.328387427000000,47.581518417500000
-1,134,98125,98125,33,Standard,SEATTLE,Polygon Centroid,-122.303718398000000,47.716831662300000
-1,135,98126,98126,33,Standard,WHITE CENTER,Polygon Centroid,-122.373837430000000,47.549088588100000
-1,33,98127,98127,33,PO Box,SEATTLE,Placed Point,-122.378395056000000,47.670392008700000
-1,34,98129,98129,33,Unique,SEATTLE,Placed Point,-122.336910384000000,47.616839189700000
-1,136,98133,98133,33,Standard,SEATTLE,Polygon Centroid,-122.343928311000000,47.739701986900000
-1,137,98134,98134,33,Standard,SEATTLE,Polygon Centroid,-122.336798894000000,47.577007320200000
-1,138,98136,98136,33,Standard,SEATTLE,Polygon Centroid,-122.389627917000000,47.536844384700000
-1,15,98138,98138,33,PO Box,SEATTLE,Placed Point,-122.254990389000000,47.456755637700000
-1,35,98139,98139,33,PO Box,SEATTLE,Placed Point,-122.398949836000000,47.639400459300000
-1,139,98144,98144,33,Standard,SEATTLE,Polygon Centroid,-122.300971379000000,47.585244273500000
-1,16,98145,98145,33,PO Box,SEATTLE,Placed Point,-122.312844861000000,47.659517025200000
-1,140,98146,98146,33,Standard,WHITE CENTER,Polygon Centroid,-122.357792958000000,47.500334234900000
-1,141,98148,98148,33,Standard,SEATTLE,Polygon Centroid,-122.325498719000000,47.446612714100000
-1,142,98154,98154,33,Standard,SEATTLE,Polygon Centroid,-122.333790426000000,47.606212599100000
-1,143,98155,98155,33,Standard,SEATTLE,Polygon Centroid,-122.302433703000000,47.757003223700000
-1,144,98158,98158,33,Standard,SEATTLE,Polygon Centroid,-122.307842108000000,47.449657761500000
-1,17,98160,98160,33,PO Box,SEATTLE,Placed Point,-122.346375177000000,47.733683398700000
-1,38,98161,98161,33,Standard,SEATTLE,Placed Point,-122.334694200000000,47.607560102600000
-1,145,98164,98164,33,Standard,SEATTLE,Polygon Centroid,-122.332019725000000,47.605966751400000
-1,39,98165,98165,33,PO Box,SEATTLE,Placed Point,-122.295327049000000,47.720938617200000
-1,146,98166,98166,33,Standard,SEATTLE,Polygon Centroid,-122.349759357000000,47.453103950700000
-1,147,98168,98168,33,Standard,WHITE CENTER,Polygon Centroid,-122.300956848000000,47.488995262500000
-1,40,98170,98170,33,Unique,SEATTLE,Placed Point,-122.336764814000000,47.622280710800000
-1,36,98174,98174,33,Standard,SEATTLE,Placed Point,-122.335327814000000,47.604581808600000
-1,148,98177,98177,33,Standard,SEATTLE,Polygon Centroid,-122.370535925000000,47.742437461500000
-1,149,98178,98178,33,Standard,SEATTLE,Polygon Centroid,-122.250622168000000,47.496924211800000
-1,18,98181,98181,33,Unique,SEATTLE,Placed Point,-122.338619380000000,47.611384054600000
-1,19,98185,98185,33,Unique,SEATTLE,Placed Point,-122.333624867000000,47.606268348900000
-1,150,98188,98188,33,Standard,RIVERTON,Polygon Centroid,-122.274937196000000,47.447673805100000
-1,41,98189,98189,33,Unique,SEATTLE,Placed Point,-122.250715824000000,47.429961788900000
-1,20,98191,98191,33,Unique,SEATTLE,Placed Point,-122.334453982000000,47.613207853100000
-1,37,98194,98194,33,PO Box,SEATTLE,Placed Point,-122.335149224000000,47.599077576900000
-1,151,98195,98195,33,Standard,SEATTLE,Polygon Centroid,-122.303007267000000,47.655056396200000
-1,152,98198,98198,33,Standard,SEATTLE,Polygon Centroid,-122.311221869000000,47.395298924700000
-1,153,98199,98199,33,Standard,SEATTLE,Polygon Centroid,-122.402648826000000,47.651910368800000
-1,161,98224,98224,33,PO Box,BARING,Polygon Centroid,-121.472670683000000,47.738043629100000
-1,171,98288,98288,33,PO Box,SKYKOMISH,Polygon Centroid,-121.335690539000000,47.640763295300000
-1,200,98354,98354,33,Standard,MILTON,Polygon Centroid,-122.321009036000000,47.260445494200000
-1,234,98422,98422,33,Standard,TACOMA,Polygon Centroid,-122.333672947000000,47.260005245100000