<?xml version="1.0" encoding="UTF-8"?>
<metadata xml:lang="en"><Esri><CreaDate>20210602</CreaDate><CreaTime>19572700</CreaTime><ArcGISFormat>1.0</ArcGISFormat><SyncOnce>TRUE</SyncOnce><DataProperties><lineage><Process ToolSource="c:\program files (x86)\arcgis\desktop10.7\ArcToolbox\Toolboxes\Conversion Tools.tbx\PolygonToRaster" Date="20210602" Time="195727">PolygonToRaster Population_Unemployed Percent "\\vmware-host\Shared Folders\Desktop\marieanns\MScGIS\Thesis\data\tiffs\unemployed_popn_4326.tif" CELL_CENTER NONE 0.014</Process></lineage></DataProperties></Esri></metadata>
